Department,YearsSinceLastPromotion
Human Resources,3.9968051118210863
Sales,3.843509724106739
Technology,4.306285714285714
