EducationLevel,Salary
Bachelors ,115837.4955654102
Doctorate,159004.123853211
High School ,103430.59347826087
Masters ,112655.5753739931
No Formal Qualifications,91527.55192532089
